{
  "status": "timelimit",
  "objective": 231.01387902233586,
  "primal": 231.01387902233586,
  "dual": 99.2202174221556,
  "gap": 1.3282944245065835,
  "nodes": 5134,
  "time": 20.0,
  "nsols": 16,
  "run_id": "plant_20260718_123414",
  "finished": "2026-07-18T12:34:34"
}