{
  "status": "gaplimit",
  "objective": 133.46473407374705,
  "primal": 133.46473407374705,
  "dual": 132.4523858898725,
  "gap": 0.007643110217103084,
  "nodes": 1,
  "time": 0.0,
  "nsols": 3,
  "run_id": "sched_20260719_045309",
  "finished": "2026-07-19T04:53:09"
}