{
  "status": "timelimit",
  "objective": 231.01387902233586,
  "primal": 231.01387902233586,
  "dual": 96.97635839500745,
  "gap": 1.382166982197477,
  "nodes": 3925,
  "time": 15.0,
  "nsols": 15,
  "run_id": "plant_20260718_191028",
  "finished": "2026-07-18T19:10:43"
}