{
  "status": "timelimit",
  "objective": 231.01387902233586,
  "primal": 231.01387902233586,
  "dual": 76.66123933220317,
  "gap": 2.0134378342262673,
  "nodes": 674,
  "time": 5.0,
  "nsols": 15,
  "run_id": "plant_20260718_200127",
  "finished": "2026-07-18T20:01:32"
}