{
  "status": "timelimit",
  "objective": 231.01387902233586,
  "primal": 231.01387902233586,
  "dual": 96.93664810754825,
  "gap": 1.3831428415601188,
  "nodes": 3911,
  "time": 15.0,
  "nsols": 15,
  "run_id": "plant_20260718_191048",
  "finished": "2026-07-18T19:11:03"
}