{
  "status": "timelimit",
  "objective": 231.01387902233586,
  "primal": 231.01387902233586,
  "dual": 130.62729795013564,
  "gap": 0.7684961922011185,
  "nodes": 36179,
  "time": 120.0,
  "nsols": 18,
  "run_id": "plant_20260718_123824",
  "finished": "2026-07-18T12:40:24"
}